{"Name":"New","Elements":[{"name":"bgshadow","rect":{"serializedVersion":"2","x":-277.5,"y":-194.5,"width":543.0,"height":381.0},"angle":0.0,"mainTextureGUID":"6fc0342afcb174f4cad14d23a2082cae","childMainTextureGUID":"","color":{"r":0.0,"g":0.0,"b":0.0,"a":0.5590000152587891},"isStatic":true,"drawOrder":0},{"name":"bg","rect":{"serializedVersion":"2","x":-281.5,"y":-199.5,"width":543.0,"height":381.0},"angle":0.0,"mainTextureGUID":"6fc0342afcb174f4cad14d23a2082cae","childMainTextureGUID":"","color":{"r":1.0,"g":1.0,"b":1.0,"a":1.0},"isStatic":true,"drawOrder":1},{"name":"tape_bg","rect":{"serializedVersion":"2","x":-256.1499938964844,"y":-174.5500030517578,"width":107.69998168945313,"height":51.899993896484378},"angle":2.8136913776397707,"mainTextureGUID":"f2777d91ba16c4947b2682a983199d01","childMainTextureGUID":"","color":{"r":0.8014705777168274,"g":0.8014705777168274,"b":0.8014705777168274,"a":0.921999990940094},"isStatic":true,"drawOrder":2},{"name":"tape_text","rect":{"serializedVersion":"2","x":-240.20001220703126,"y":-170.84999084472657,"width":83.80001831054688,"height":41.899993896484378},"angle":1.712344765663147,"mainTextureGUID":"8e97241fe07659f4d93f53fb9f7ada23","childMainTextureGUID":"","color":{"r":1.0,"g":1.0,"b":1.0,"a":1.0},"isStatic":true,"drawOrder":3},{"name":"button_close","rect":{"serializedVersion":"2","x":197.14999389648438,"y":-181.0500030517578,"width":51.100006103515628,"height":52.5},"angle":0.0,"mainTextureGUID":"d0814cc1300d8fb449237ac560a28dcc","childMainTextureGUID":"0ecad88ad9affcd4b860bb11a172e2d5","color":{"r":0.9411764740943909,"g":0.4013840854167938,"b":0.4013840854167938,"a":1.0},"isStatic":false,"drawOrder":4},{"name":"bg_character","rect":{"serializedVersion":"2","x":-260.79998779296877,"y":-85.30000305175781,"width":161.99998474121095,"height":202.0},"angle":1.2961506843566895,"mainTextureGUID":"111a20cbe7deea948a3e4065bda5133c","childMainTextureGUID":"","color":{"r":1.0,"g":1.0,"b":1.0,"a":1.0},"isStatic":true,"drawOrder":5},{"name":"button_character","rect":{"serializedVersion":"2","x":-219.8000030517578,"y":-38.79999923706055,"width":82.0,"height":109.0},"angle":1.2961506843566895,"mainTextureGUID":"f6cbc72c21e6aa546b8c3ac2c13eb3fe","childMainTextureGUID":"","color":{"r":1.0,"g":1.0,"b":1.0,"a":1.0},"isStatic":false,"drawOrder":6},{"name":"bg_landscape","rect":{"serializedVersion":"2","x":-93.9000015258789,"y":-86.94999694824219,"width":213.8000030517578,"height":169.6999969482422},"angle":357.7609558105469,"mainTextureGUID":"a418abe1241c2164ebe849bacff40472","childMainTextureGUID":"","color":{"r":1.0,"g":1.0,"b":1.0,"a":1.0},"isStatic":true,"drawOrder":7},{"name":"button_landscape","rect":{"serializedVersion":"2","x":-46.150001525878909,"y":-40.0,"width":118.30000305175781,"height":75.80000305175781},"angle":357.7609558105469,"mainTextureGUID":"4d1553653ca3bff408709cb73104a05c","childMainTextureGUID":"","color":{"r":1.0,"g":1.0,"b":1.0,"a":1.0},"isStatic":false,"drawOrder":8},{"name":"bg_item","rect":{"serializedVersion":"2","x":112.05001068115235,"y":-116.64999389648438,"width":145.49998474121095,"height":134.6999969482422},"angle":4.230393886566162,"mainTextureGUID":"0cdf893a30f18604aaca039a7580b524","childMainTextureGUID":"","color":{"r":1.0,"g":1.0,"b":1.0,"a":1.0},"isStatic":true,"drawOrder":9},{"name":"button_item","rect":{"serializedVersion":"2","x":159.8000030517578,"y":-71.80000305175781,"width":52.0,"height":47.000003814697269},"angle":4.230393886566162,"mainTextureGUID":"fe59ad25fad202e46866cb26d6c355e0","childMainTextureGUID":"","color":{"r":1.0,"g":1.0,"b":1.0,"a":1.0},"isStatic":false,"drawOrder":10},{"name":"bg_ui","rect":{"serializedVersion":"2","x":132.34999084472657,"y":27.349998474121095,"width":97.10000610351563,"height":94.30000305175781},"angle":358.8753967285156,"mainTextureGUID":"ef59c63905b6abf45bc3631ed8aa6bd2","childMainTextureGUID":"","color":{"r":1.0,"g":1.0,"b":1.0,"a":1.0},"isStatic":true,"drawOrder":11},{"name":"button_ui","rect":{"serializedVersion":"2","x":132.84999084472657,"y":27.349998474121095,"width":94.10000610351563,"height":88.30000305175781},"angle":358.8753967285156,"mainTextureGUID":"12e6b6580d9310d4a8ae742638c94597","childMainTextureGUID":"","color":{"r":1.0,"g":1.0,"b":1.0,"a":1.0},"isStatic":false,"drawOrder":12},{"name":"tape_bg (1)","rect":{"serializedVersion":"2","x":38.00004577636719,"y":-169.39999389648438,"width":123.0,"height":68.20000457763672},"angle":356.36578369140627,"mainTextureGUID":"693093f886a29444b9aebd46bc8612ee","childMainTextureGUID":"","color":{"r":0.9411764740943909,"g":0.9411764740943909,"b":0.9411764740943909,"a":1.0},"isStatic":true,"drawOrder":13},{"name":"quality_chunky","rect":{"serializedVersion":"2","x":104.64999389648438,"y":-155.239501953125,"width":46.100006103515628,"height":46.079002380371097},"angle":356.36578369140627,"mainTextureGUID":"ab10b5dad4a464a16b2f4c7855b5a1f6","childMainTextureGUID":"","color":{"r":0.9411764740943909,"g":0.9411764740943909,"b":0.9411764740943909,"a":1.0},"isStatic":false,"drawOrder":14},{"name":"quality_smooth","rect":{"serializedVersion":"2","x":104.6500244140625,"y":-155.239501953125,"width":46.100006103515628,"height":46.079002380371097},"angle":356.36578369140627,"mainTextureGUID":"14de9cf803d194cccacb5995120cb0f3","childMainTextureGUID":"","color":{"r":0.9411764740943909,"g":0.9411764740943909,"b":0.9411764740943909,"a":1.0},"isStatic":false,"drawOrder":15},{"name":"button_quality","rect":{"serializedVersion":"2","x":46.550048828125,"y":-162.39999389648438,"width":52.30000305175781,"height":52.20000457763672},"angle":356.7260437011719,"mainTextureGUID":"fd2e80309c1ec434e9f4c3f86d5270c4","childMainTextureGUID":"","color":{"r":1.0,"g":1.0,"b":1.0,"a":1.0},"isStatic":false,"drawOrder":16},{"name":"button_custom","rect":{"serializedVersion":"2","x":5.799999237060547,"y":90.90000915527344,"width":80.0,"height":69.99999237060547},"angle":3.901144027709961,"mainTextureGUID":"6c92d2e89b857734690a6cc2ef8b31a7","childMainTextureGUID":"","color":{"r":0.7776816487312317,"g":0.8280276656150818,"b":0.8529411554336548,"a":1.0},"isStatic":false,"drawOrder":17},{"name":"button_make","rect":{"serializedVersion":"2","x":-118.0,"y":120.5,"width":248.0,"height":55.0},"angle":359.109130859375,"mainTextureGUID":"d0814cc1300d8fb449237ac560a28dcc","childMainTextureGUID":"30b866e34f458ba448e32e3da773813a","color":{"r":0.9411765336990356,"g":0.40000003576278689,"b":0.40000003576278689,"a":1.0},"isStatic":false,"drawOrder":18},{"name":"button_card","rect":{"serializedVersion":"2","x":-60.07600021362305,"y":89.23150634765625,"width":52.152000427246097,"height":69.53699493408203},"angle":353.6661376953125,"mainTextureGUID":"0163fa3d14e7a594ead3b25bd8024d95","childMainTextureGUID":"","color":{"r":1.0,"g":1.0,"b":1.0,"a":1.0},"isStatic":false,"drawOrder":19},{"name":"name_bg","rect":{"serializedVersion":"2","x":-130.77499389648438,"y":-171.35000610351563,"width":155.14999389648438,"height":21.100006103515626},"angle":0.0,"mainTextureGUID":"693093f886a29444b9aebd46bc8612ee","childMainTextureGUID":"","color":{"r":0.9558823704719544,"g":0.9558823704719544,"b":0.9558823704719544,"a":0.640999972820282},"isStatic":true,"drawOrder":20},{"name":"text_name","rect":{"serializedVersion":"2","x":-87.64999389648438,"y":-172.65000915527345,"width":107.30000305175781,"height":21.100006103515626},"angle":0.0,"mainTextureGUID":"","childMainTextureGUID":"","color":{"r":0.0,"g":0.0,"b":0.0,"a":0.0},"isStatic":false,"drawOrder":21},{"name":"name_img","rect":{"serializedVersion":"2","x":-124.52000427246094,"y":-173.00001525878907,"width":36.899993896484378,"height":24.600006103515626},"angle":0.0,"mainTextureGUID":"f073c1a5538b94e4c8a269545afb4ccf","childMainTextureGUID":"","color":{"r":0.9411764740943909,"g":0.9411764740943909,"b":0.9411764740943909,"a":1.0},"isStatic":true,"drawOrder":22}],"bounds":{"m_Center":{"x":-8.0,"y":-6.5,"z":0.0},"m_Extent":{"x":273.5,"y":193.0,"z":0.0}},"Position":{"x":0.0,"y":0.0},"Scale":1.0,"AnimationTime":0.0}