{"Name":"NewCustom","Elements":[{"name":"bg","rect":{"serializedVersion":"2","x":-231.0,"y":-126.0,"width":462.0,"height":294.0},"angle":0.0,"mainTextureGUID":"6c92d2e89b857734690a6cc2ef8b31a7","childMainTextureGUID":"","color":{"r":0.7436743378639221,"g":0.8905531167984009,"b":0.9632353186607361,"a":1.0},"isStatic":true,"drawOrder":0},{"name":"Title","rect":{"serializedVersion":"2","x":-169.04998779296876,"y":-223.5,"width":391.54998779296877,"height":45.0},"angle":0.0,"mainTextureGUID":"","childMainTextureGUID":"","color":{"r":0.0,"g":0.0,"b":0.0,"a":0.0},"isStatic":false,"drawOrder":1},{"name":"button_close","rect":{"serializedVersion":"2","x":142.0,"y":-146.0,"width":51.100006103515628,"height":52.5},"angle":0.0,"mainTextureGUID":"d0814cc1300d8fb449237ac560a28dcc","childMainTextureGUID":"0ecad88ad9affcd4b860bb11a172e2d5","color":{"r":0.9411764740943909,"g":0.4013840854167938,"b":0.4013840854167938,"a":1.0},"isStatic":false,"drawOrder":2},{"name":"custom_bg","rect":{"serializedVersion":"2","x":-179.5,"y":-83.0,"width":301.0,"height":75.0},"angle":0.0,"mainTextureGUID":"693093f886a29444b9aebd46bc8612ee","childMainTextureGUID":"","color":{"r":1.0,"g":1.0,"b":1.0,"a":0.6589999794960022},"isStatic":true,"drawOrder":3},{"name":"custom_width","rect":{"serializedVersion":"2","x":-171.0,"y":-76.0,"width":136.0,"height":59.0},"angle":0.0,"mainTextureGUID":"6319806ee5fbbb14f813e62980d68a29","childMainTextureGUID":"","color":{"r":0.39413928985595705,"g":0.6174681186676025,"b":0.6617647409439087,"a":1.0},"isStatic":true,"drawOrder":4},{"name":"custom_x","rect":{"serializedVersion":"2","x":-35.0,"y":-48.0,"width":26.0,"height":26.0},"angle":0.0,"mainTextureGUID":"0ecad88ad9affcd4b860bb11a172e2d5","childMainTextureGUID":"","color":{"r":1.0,"g":1.0,"b":1.0,"a":1.0},"isStatic":true,"drawOrder":5},{"name":"custom_height","rect":{"serializedVersion":"2","x":-6.0,"y":-76.0,"width":123.0,"height":59.0},"angle":0.0,"mainTextureGUID":"6319806ee5fbbb14f813e62980d68a29","childMainTextureGUID":"","color":{"r":0.39413928985595705,"g":0.6174681186676025,"b":0.6617647409439087,"a":1.0},"isStatic":true,"drawOrder":6},{"name":"text_width","rect":{"serializedVersion":"2","x":-158.5,"y":-69.94999694824219,"width":107.0,"height":43.89999771118164},"angle":0.0,"mainTextureGUID":"","childMainTextureGUID":"","color":{"r":0.0,"g":0.0,"b":0.0,"a":0.0},"isStatic":false,"drawOrder":7},{"name":"text_height","rect":{"serializedVersion":"2","x":9.0,"y":-65.94999694824219,"width":100.0,"height":39.89999771118164},"angle":0.0,"mainTextureGUID":"","childMainTextureGUID":"","color":{"r":0.0,"g":0.0,"b":0.0,"a":0.0},"isStatic":false,"drawOrder":8},{"name":"button_customquality","rect":{"serializedVersion":"2","x":0.0,"y":-36.0,"width":46.79999923706055,"height":46.79999923706055},"angle":0.0,"mainTextureGUID":"d0814cc1300d8fb449237ac560a28dcc","childMainTextureGUID":"","color":{"r":1.0,"g":1.0,"b":1.0,"a":1.0},"isStatic":false,"drawOrder":9},{"name":"button_makecustom","rect":{"serializedVersion":"2","x":-176.50006103515626,"y":7.9998626708984379,"width":353.0,"height":61.0},"angle":0.0,"mainTextureGUID":"d0814cc1300d8fb449237ac560a28dcc","childMainTextureGUID":"8e97241fe07659f4d93f53fb9f7ada23","color":{"r":0.9411765336990356,"g":0.40000003576278689,"b":0.40000003576278689,"a":1.0},"isStatic":false,"drawOrder":10},{"name":"button_quality","rect":{"serializedVersion":"2","x":138.0,"y":-79.94200134277344,"width":60.0,"height":59.884002685546878},"angle":0.0,"mainTextureGUID":"fd2e80309c1ec434e9f4c3f86d5270c4","childMainTextureGUID":"","color":{"r":1.0,"g":1.0,"b":1.0,"a":1.0},"isStatic":false,"drawOrder":11},{"name":"beepboop1","rect":{"serializedVersion":"2","x":-278.0,"y":80.0,"width":80.0,"height":80.0},"angle":0.0,"mainTextureGUID":"c199882991aaf914cbef1780e9077fb3","childMainTextureGUID":"","color":{"r":1.0,"g":1.0,"b":1.0,"a":1.0},"isStatic":false,"drawOrder":12},{"name":"beepboop2","rect":{"serializedVersion":"2","x":213.0,"y":89.0,"width":80.0,"height":80.0},"angle":0.0,"mainTextureGUID":"c199882991aaf914cbef1780e9077fb3","childMainTextureGUID":"","color":{"r":1.0,"g":1.0,"b":1.0,"a":1.0},"isStatic":false,"drawOrder":13}],"bounds":{"m_Center":{"x":7.5,"y":-27.25,"z":0.0},"m_Extent":{"x":285.5,"y":196.25,"z":0.0}},"Position":{"x":0.0,"y":0.0},"Scale":1.0,"AnimationTime":0.0}